[
  {
    "Constant": false,
    "Name": "browser",
    "TypeFullyQualifiedName": "UiPath.Core.UiElement, UiPath.UiAutomation.Activities, Version=25.10.13.0, Culture=neutral, PublicKeyToken=null",
    "UnresolvedTypeFullyQualifiedName": null,
    "Expression": null,
    "IsLiteral": false
  },
  {
    "Constant": false,
    "Name": "Str_Seite",
    "TypeFullyQualifiedName": "System.String, System.Private.CoreLib, Version=8.0.0.0, Culture=neutral, PublicKeyToken=7cec85d7bea7798e",
    "UnresolvedTypeFullyQualifiedName": null,
    "Expression": "\"Einträge 49 - 54 von\"",
    "IsLiteral": false
  }
]